,q_helpfulness,q_communication,q_resources,recommendation
q_helpfulness,1.0,-0.052539765379566325,-0.03788309643242282,-0.09056775978676353
q_communication,-0.052539765379566325,1.0,-0.08575484949352295,-0.00876522958143726
q_resources,-0.03788309643242282,-0.08575484949352295,1.0,0.03271435259622373
recommendation,-0.09056775978676353,-0.00876522958143726,0.03271435259622373,1.0
