,count,mean,std,min,25%,50%,75%,max
q_helpfulness,300.0,3.04,1.4371096969043298,1.0,2.0,3.0,4.0,5.0
q_communication,300.0,3.13,1.442232105042754,1.0,2.0,3.0,4.0,5.0
q_resources,300.0,3.0833333333333335,1.4129319911426037,1.0,2.0,3.0,4.0,5.0
recommendation,300.0,4.84,3.111269837220809,0.0,2.0,5.0,7.0,10.0
