scale,importance_mean,satisfaction_mean,gap
Instructional Effectiveness,5.661666666666667,4.9100600000000005,0.7516066666666665
Academic Advising,5.68336,4.96614,0.7172200000000002
Registration/Admissions,5.694173333333334,4.947853333333333,0.7463200000000016
Campus Climate,5.698993333333333,4.951133333333333,0.7478600000000002
